1100	43.062087	141.354448
1101	43.055360	141.341005
1102	43.090850	141.340826
1103	43.076111	141.363611
1104	43.047513	141.405132
1105	43.031370	141.379974
1106	42.989995	141.353496
1107	43.074306	141.299722
1108	43.036389	141.474770
1109	43.121806	141.246028
1110	42.999432	141.443842
1202	41.768712	140.729108
1203	43.190381	140.994333
1204	43.770824	142.365019
1205	42.315204	140.973784
1206	42.984856	144.381670
1207	42.923913	143.196100
1208	43.807823	143.894384
1209	43.056814	141.974069
1210	43.196170	141.775860
1211	44.020541	144.273491
1212	43.940987	141.637009
1213	42.634094	141.605503
1214	45.415675	141.673082
1215	43.332951	141.853986
1216	43.518210	142.189552
1217	43.103666	141.536103
1218	43.558306	142.044590
1219	44.356332	143.354279
1220	44.178626	142.400182
1221	44.355924	142.463134
1222	43.245622	141.875342
1223	43.330036	145.582903
1224	42.821124	141.651139
1225	43.557753	141.910371
1226	43.494846	141.903465
1227	43.521682	142.035373
1228	43.723184	142.053528
1229	43.342078	142.383189
1230	42.416159	141.110036
1231	42.882592	141.577799
1233	42.471898	140.864702
1234	42.985663	141.563625
1235	43.171365	141.315514
1236	41.824174	140.653067
1303	43.223794	141.517106
1304	43.225368	141.649247
1331	41.429981	140.110403
1332	41.483783	140.251315
1333	41.598377	140.418861
1334	41.678332	140.437635
1337	41.895711	140.694405
1343	42.038567	140.815907
1345	42.104933	140.576418
1346	42.255918	140.265224
1347	42.513488	140.380344
1361	41.869244	140.127560
1362	41.801042	140.121398
1363	41.920895	140.225475
1364	41.968504	140.135460
1367	42.172260	139.514121
1370	42.429373	140.008766
1371	42.417145	139.882999
1391	42.700471	140.061454
1392	42.790984	140.228891
1393	42.667788	140.307739
1394	42.809205	140.528346
1395	42.804788	140.687540
1396	42.762960	140.803771
1397	42.737349	140.875768
1398	42.795439	140.934532
1399	42.858216	140.883999
1400	42.901752	140.758878
1401	42.980407	140.611175
1402	42.978778	140.509212
1403	43.063212	140.498857
1404	43.143791	140.430817
1405	43.298710	140.598001
1406	43.265353	140.639078
1407	43.151675	140.766168
1408	43.195343	140.783542
1409	43.083479	140.813640
1423	43.063739	141.650330
1424	43.425353	141.882816
1425	43.482538	141.984064
1427	42.999598	141.790309
1428	43.010340	141.695367
1429	43.056290	141.784099
1430	43.338397	141.669604
1431	43.430363	141.818727
1432	43.548500	141.877009
1433	43.700093	141.961606
1434	43.767000	141.957896
1436	43.643943	141.889036
1437	43.731426	141.879409
1438	43.806740	141.933837
1452	43.843321	142.354402
1453	43.696303	142.451591
1454	43.828201	142.508388
1455	43.875021	142.477699
1456	43.906679	142.577822
1457	43.847128	142.770459
1458	43.698877	142.510128
1459	43.588279	142.467055
1460	43.455614	142.467112
1461	43.405576	142.425034
1462	43.164088	142.568522
1463	42.979836	142.398526
1464	44.023119	142.413383
1465	44.095746	142.361027
1468	44.302576	142.635219
1469	44.597661	142.304383
1470	44.725096	142.262458
1471	44.811488	142.071409
1472	44.009812	142.153828
1481	43.856063	141.524978
1482	44.015141	141.662828
1483	44.306086	141.652932
1484	44.360610	141.697249
1485	44.532149	141.766342
1486	44.722462	141.792322
1487	44.888121	141.745324
1511	45.330610	142.108945
1512	45.123716	142.359640
1513	44.969710	142.286705
1514	44.938700	142.581405
1516	45.102847	141.777508
1517	45.303062	141.047717
1518	45.187041	141.139597
1519	45.247459	141.214719
1520	45.017635	141.849406
1543	43.823721	144.107151
1544	43.706316	144.024803
1545	43.911441	144.670713
1546	43.835224	144.594582
1547	43.856679	144.462114
1549	43.725328	143.741685
1550	43.676328	143.586402
1552	44.017859	143.774714
1555	44.061947	143.527726
1559	44.151465	143.572919
1560	44.192270	143.077650
1561	44.469874	143.123699
1562	44.328833	142.944445
1563	44.582482	142.961863
1564	43.911858	144.172473
1571	42.583464	140.711815
1575	42.552556	140.885472
1578	42.551259	141.355861
1581	42.723566	141.877841
1584	42.551223	140.764128
1585	42.762798	141.818047
1586	42.574741	141.926761
1601	42.480318	142.074379
1602	42.585098	142.128525
1604	42.362417	142.318315
1607	42.168355	142.768213
1608	42.127737	142.933797
1609	42.016298	143.148348
1610	42.341276	142.368588
1631	42.994115	143.197869
1632	43.168047	143.241344
1633	43.232615	143.296243
1634	43.098876	142.989028
1635	43.079741	142.838822
1636	43.011423	142.884568
1637	42.911890	143.050807
1638	42.697611	143.132443
1639	42.650415	143.187814
1641	42.497525	143.278910
1642	42.285841	143.311498
1643	42.908198	143.356085
1644	42.928980	143.448472
1645	42.801023	143.505900
1646	43.124615	143.610962
1647	43.244786	143.553930
1648	43.468914	143.747305
1649	42.808947	143.658581
1661	42.996124	144.466081
1662	43.051951	144.847443
1663	43.077087	145.129391
1664	43.303337	144.600665
1665	43.485223	144.459349
1667	43.230160	144.321185
1668	42.956161	144.071805
1691	43.393990	145.117341
1692	43.555191	144.971504
1693	43.661309	145.131345
1694	44.021953	145.189532
2201	40.822354	140.747325
2202	40.603141	140.463126
2203	40.512443	141.488625
2204	40.642603	140.594553
2205	40.807703	140.446154
2206	40.612697	141.205915
2207	40.683073	141.369097
2208	41.292832	141.183177
2209	40.808832	140.380200
2210	40.584109	140.566512
2301	40.926019	140.955888
2303	41.181872	140.481614
2304	40.971775	140.656058
2307	41.043155	140.632247
2321	40.782976	140.233828
2323	40.647872	139.927437
2343	40.577583	140.297170
2361	40.656557	140.503276
2362	40.518351	140.567885
2367	40.631254	140.550204
2381	40.695891	140.457420
2384	40.758815	140.428707
2387	40.960473	140.434265
2401	40.864443	141.128689
2402	40.744709	141.157995
2405	40.609520	141.324963
2406	41.083151	141.247785
2408	40.727866	141.257892
2411	40.967371	141.374437
2412	40.599098	141.397827
2423	41.522386	140.904751
2424	41.277723	141.328902
2425	41.487484	140.995537
2426	41.429715	140.859178
2441	40.378416	141.258747
2442	40.531202	141.307818
2443	40.340023	141.152157
2445	40.466794	141.381918
2446	40.452424	141.620971
2450	40.465778	141.173406
3201	39.702097	141.154498
3202	39.641442	141.957117
3203	39.081882	141.708590
3205	39.388605	141.116910
3206	39.286270	141.113595
3207	40.190429	141.775580
3208	39.330691	141.531436
3209	38.934826	141.126845
3210	39.015094	141.629530
3211	39.275791	141.885752
3213	40.271011	141.304372
3214	39.926358	141.095336
3215	39.144499	141.139238
3216	39.734729	141.077081
3301	39.696280	140.975825
3302	40.039808	141.436599
3303	39.972759	141.212178
3321	39.554842	141.167841
3322	39.605995	141.143020
3366	39.317896	140.778774
3381	39.195674	141.116434
3402	38.986697	141.111668
3441	39.141888	141.576090
3461	39.359866	141.906732
3482	39.467602	141.948952
3483	39.843192	141.796691
3484	39.930378	141.888987
3485	40.005154	141.886026
3501	40.326671	141.460376
3503	40.110263	141.817684
3506	40.211348	141.418991
3507	40.408539	141.718683
3524	40.212725	141.295469
4100	38.268102	140.869294
4101	38.269157	140.870457
4102	38.266236	140.909865
4103	38.244003	140.900743
4104	38.224458	140.877281
4105	38.326273	140.881517
4202	38.427766	141.306092
4203	38.314420	141.022151
4205	38.908109	141.570090
4206	38.002463	140.619917
4207	38.171493	140.891885
4208	37.977055	140.782133
4209	38.293349	141.004396
4211	38.104288	140.870220
4212	38.691903	141.187761
4213	38.730097	141.021309
4214	38.426121	141.210325
4215	38.577121	140.955601
4216	38.399933	140.895449
4301	38.098123	140.658710
4302	37.993326	140.441576
4321	38.049407	140.730806
4322	38.118583	140.722435
4323	38.056282	140.766003
4324	38.177959	140.643318
4341	37.911422	140.765452
4361	38.037759	140.852598
4362	37.962399	140.877564
4401	38.381272	141.067303
4404	38.304544	141.059185
4406	38.330346	140.975853
4421	38.446383	140.886642
4422	38.424314	141.004511
4424	38.467269	140.880017
4444	38.548862	140.849800
4445	38.571783	140.854795
4501	38.539692	141.128147
4505	38.544668	141.056300
4581	38.445517	141.444491
4606	38.677657	141.446568
5201	39.719923	140.102524
5202	40.211995	140.027347
5203	39.313765	140.566662
5204	40.271591	140.564387
5206	39.883962	139.850910
5207	39.164086	140.495563
5209	40.215773	140.788839
5210	39.385808	140.048833
5211	39.862446	140.007538
5212	39.453073	140.475454
5213	40.226041	140.370736
5214	39.203061	139.907664
5215	39.700041	140.730648
5303	40.327989	140.746888
5327	40.063257	140.295746
5346	40.278394	140.261887
5348	40.101610	140.004990
5349	40.319040	140.038694
5361	39.943889	140.111319
5363	39.949350	140.073345
5366	39.914117	140.081467
5368	40.017720	139.960007
5434	39.461625	140.582144
5463	39.199315	140.412899
5464	39.179086	140.648924
6201	38.255431	140.339629
6202	37.922309	140.116654
6203	38.727287	139.826751
6204	38.914681	139.836560
6205	38.764953	140.301686
6206	38.381471	140.276053
6207	38.149558	140.267852
6208	38.483345	140.380424
6209	38.106218	140.033962
6210	38.362272	140.377969
6211	38.431286	140.391046
6212	38.600584	140.405649
6213	38.055147	140.148442
6301	38.289212	140.262203
6302	38.333099	140.283079
6321	38.426270	140.314333
6322	38.426482	140.147682
6323	38.299289	140.145945
6324	38.380708	140.206815
6341	38.593870	140.372671
6361	38.883433	140.339388
6362	38.758460	140.519384
6363	38.691423	140.320211
6364	38.857892	140.252387
6365	38.704115	140.230389
6366	38.796449	140.222027
6367	38.737595	140.143588
6381	38.002742	140.189134
6382	38.004479	140.045806
6401	38.061388	139.743349
6402	38.183065	140.098591
6403	38.045711	139.987635
6426	38.794524	139.849628
6428	38.849840	139.904740
6461	39.014626	139.907447
7201	37.760928	140.474067
7202	37.494848	139.929722
7203	37.400377	140.359308
7204	37.050464	140.887667
7205	37.126377	140.210939
7207	37.286498	140.372645
7208	37.650867	139.874946
7209	37.796638	140.919657
7210	37.584751	140.431193
7211	37.441363	140.569121
7212	37.642192	140.957270
7213	37.819170	140.563009
7214	37.513160	140.393898
7301	37.849508	140.516483
7303	37.877025	140.549569
7308	37.664989	140.598341
7322	37.534462	140.370965
7342	37.252859	140.343423
7344	37.255750	140.247089
7362	37.255607	139.872173
7364	37.024140	139.388950
7367	37.348656	139.315799
7368	37.200388	139.773227
7402	37.655671	139.937419
7405	37.588821	139.647535
7407	37.562097	139.988782
7408	37.557797	140.104811
7421	37.561455	139.821746
7422	37.565348	139.886629
7423	37.526033	139.719565
7444	37.470290	139.644454
7445	37.453733	139.524536
7446	37.335252	139.610258
7447	37.465098	139.834705
7461	37.141765	140.155314
7464	37.157050	140.295274
7465	37.148753	140.350247
7466	37.201289	140.338621
7481	37.029938	140.379676
7482	36.871331	140.424770
7483	36.957320	140.409566
7484	37.042226	140.509716
7501	37.157072	140.446786
7502	37.210716	140.408957
7503	37.217882	140.570278
7504	37.080822	140.410877
7505	37.089179	140.555711
7521	37.441045	140.492596
7522	37.286822	140.626305
7541	37.214398	140.994588
7542	37.282600	140.993492
7543	37.345491	141.008680
7544	37.337676	140.809291
7545	37.404378	140.983378
7546	37.452833	141.006315
7547	37.494923	141.000259
7548	37.503595	140.764384
7561	37.876373	140.919626
7564	37.682148	140.731827
8201	36.365852	140.471602
8202	36.599157	140.648212
8203	36.078449	140.203449
8204	36.178227	139.755377
8205	36.190689	140.285250
8207	36.289618	139.869405
8208	35.911530	140.180081
8210	36.184515	139.967382
8211	36.023563	139.993940
8212	36.538224	140.530943
8214	36.713830	140.709639
8215	36.801888	140.751051
8216	36.344298	140.306310
8217	35.911468	140.050348
8219	35.979396	140.149539
8220	36.035671	140.073901
8221	36.396613	140.534689
8222	35.966137	140.644967
8223	35.947132	140.555373
8224	35.951441	139.975426
8225	36.542590	140.411024
8226	36.457422	140.486739
8227	36.307114	139.983077
8228	36.048362	139.888686
8229	35.956568	140.323996
8230	36.151880	140.237435
8231	36.327279	140.090492
8232	35.889970	140.664536
8233	35.990265	140.489074
8234	36.158685	140.516448
8235	35.962910	140.037075
8236	36.239281	140.352599
8302	36.286919	140.424528
8309	36.313354	140.574901
8310	36.479295	140.376253
8341	36.472929	140.566108
8364	36.768097	140.355288
8442	36.004553	140.301914
8443	36.030869	140.214777
8447	35.884562	140.244358
8521	36.181631	139.891152
8542	36.114115	139.745838
8546	36.108528	139.795060
8564	35.857824	140.139112
9201	36.555114	139.882816
9202	36.340145	139.449702
9203	36.381363	139.730405
9204	36.314229	139.578487
9205	36.567119	139.745106
9206	36.719860	139.698213
9208	36.314804	139.800113
9209	36.440426	140.013437
9210	36.870458	140.015764
9211	36.806731	139.924236
9213	36.961571	140.045902
9214	36.685421	139.966485
9215	36.656888	140.151386
9216	36.387166	139.841950
9301	36.439267	139.910222
9342	36.467352	140.093391
9343	36.532182	140.187546
9344	36.543240	140.102123
9345	36.548211	140.058209
9361	36.427060	139.803944
9364	36.233324	139.740708
9384	36.777604	139.850588
9386	36.631110	139.986677
9407	37.020845	140.121901
9411	36.736258	140.172386
10201	36.389449	139.063443
10202	36.321910	139.003246
10203	36.405362	139.330435
10204	36.311407	139.196874
10205	36.291120	139.375438
10206	36.646107	139.044136
10207	36.244830	139.541982
10208	36.489478	139.000392
10209	36.258508	139.074569
10210	36.259852	138.889958
10211	36.326297	138.887249
10212	36.394818	139.281082
10344	36.438646	138.967123
10345	36.447442	139.009705
10366	36.083135	138.777338
10367	36.116012	138.916995
10382	36.212354	138.789086
10383	36.158553	138.711410
10384	36.243008	138.921756
10421	36.589843	138.841080
10424	36.552433	138.637577
10425	36.516734	138.530303
10426	36.620710	138.596132
10428	36.620808	138.943483
10429	36.571414	138.825568
10443	36.772548	139.225248
10444	36.694682	139.106518
10448	36.639760	139.065887
10449	36.678649	138.999061
10464	36.304434	139.114921
10521	36.222954	139.610277
10522	36.211283	139.534234
10523	36.217753	139.442443
10524	36.247861	139.404849
10525	36.252391	139.462306
11100	35.861648	139.645521
11101	35.925224	139.579660
11102	35.931473	139.620328
11103	35.906481	139.628726
11104	35.935216	139.654432
11105	35.883964	139.626182
11106	35.855876	139.609770
11107	35.861970	139.645413
11108	35.845280	139.645418
11109	35.871095	139.684058
11110	35.949800	139.694206
11201	35.925155	139.485810
11202	36.147361	139.388669
11203	35.806761	139.723714
11206	36.138950	139.455651
11207	35.991681	139.085479
11208	35.799672	139.468617
11209	35.856772	139.326862
11210	36.131438	139.601781
11211	36.243321	139.190646
11212	36.042162	139.399955
11214	35.975305	139.752414
11215	35.852944	139.412217
11216	36.172667	139.548598
11217	36.065757	139.522177
11218	36.197465	139.281475
11219	35.977566	139.593387
11221	35.825371	139.805332
11222	35.891080	139.790876
11223	35.825576	139.679762
11224	35.817632	139.677913
11225	35.835769	139.391062
11227	35.797210	139.593704
11228	35.836614	139.580234
11229	35.781252	139.605734
11230	35.793094	139.565682
11231	36.002965	139.558182
11232	36.058930	139.670106
11233	36.026999	139.529805
11234	35.822538	139.839179
11235	35.856759	139.549078
11237	35.830132	139.872252
11238	35.994504	139.662205
11239	35.957262	139.402987
11240	36.078088	139.725811
11241	35.934523	139.393130
11242	35.907412	139.339097
11243	35.891124	139.841333
11245	35.879549	139.519771
11246	36.019070	139.676866
11301	35.999864	139.623882
11324	35.828288	139.526304
11326	35.941596	139.315958
11327	35.964478	139.294206
11341	36.065990	139.360924
11342	36.056568	139.320518
11343	36.056657	139.261803
11346	35.982031	139.481517
11347	36.039871	139.453784
11348	35.981468	139.334110
11349	36.008570	139.296767
11361	35.987286	139.100053
11362	36.070844	139.098758
11363	36.114785	139.109724
11365	36.017137	139.008608
11369	36.058148	139.194577
11381	36.177103	139.181415
11383	36.213900	139.101583
11385	36.251599	139.144905
11408	36.118347	139.193019
11442	36.022593	139.723075
11464	36.025605	139.736748
11465	35.925751	139.815145
12100	35.607760	140.107077
12101	35.607368	140.122804
12102	35.662875	140.069065
12103	35.636202	140.107110
12104	35.634016	140.155657
12105	35.560501	140.176157
12106	35.640551	140.063044
12202	35.734665	140.826799
12203	35.721914	139.931017
12204	35.694711	139.982625
12205	34.996646	139.869723
12206	35.375969	139.916885
12207	35.787644	139.903195
12208	35.954986	139.874523
12210	35.428540	140.288053
12211	35.776604	140.318787
12212	35.723440	140.223977
12213	35.559715	140.365301
12215	35.716120	140.648253
12216	35.681657	140.027373
12217	35.867134	139.975911
12218	35.152211	140.320869
12219	35.497897	140.115597
12220	35.856287	139.902591
12221	35.722500	140.099788
12222	35.864165	140.028231
12223	35.114025	140.098889
12224	35.776765	140.000741
12225	35.330560	139.902452
12226	35.304141	139.857114
12227	35.653988	139.902191
12228	35.669713	140.167961
12229	35.429714	139.954621
12230	35.665858	140.317918
12231	35.832348	140.145822
12232	35.791502	140.056377
12233	35.726849	140.343074
12234	35.043149	139.839997
12235	35.707913	140.564362
12236	35.897742	140.499250
12237	35.602991	140.413546
12238	35.253887	140.385119
12239	35.521715	140.320964
12322	35.724750	140.269488
12329	35.840865	140.243951
12342	35.901610	140.405334
12347	35.735553	140.467790
12349	35.837148	140.668794
12403	35.535064	140.440254
12409	35.693063	140.414261
12410	35.665608	140.504401
12421	35.372812	140.368736
12422	35.361091	140.319277
12423	35.412178	140.354060
12424	35.454339	140.374256
12426	35.431152	140.227076
12427	35.386423	140.237041
12441	35.284823	140.245420
12443	35.191484	140.348786
12463	35.111132	139.835645
13101	35.694003	139.753638
13102	35.670587	139.772007
13103	35.658073	139.751428
13104	35.693890	139.703467
13105	35.707976	139.752477
13106	35.712634	139.779719
13107	35.710722	139.801501
13108	35.672614	139.817335
13109	35.609066	139.730253
13110	35.641410	139.698121
13111	35.561326	139.716085
13112	35.646505	139.653083
13113	35.663982	139.697951
13114	35.707546	139.663821
13115	35.699540	139.636077
13116	35.726070	139.716664
13117	35.752805	139.733661
13118	35.736083	139.783376
13119	35.751245	139.709250
13120	35.735789	139.651538
13121	35.774945	139.804608
13122	35.743430	139.847217
13123	35.706648	139.868316
13201	35.666570	139.316078
13202	35.713981	139.407849
13203	35.717837	139.565941
13204	35.683308	139.559886
13205	35.788171	139.274997
13206	35.668912	139.477711
13207	35.705705	139.353796
13208	35.650628	139.540686
13209	35.546637	139.438644
13210	35.699479	139.502992
13211	35.728496	139.477477
13212	35.670496	139.395609
13213	35.754624	139.468487
13214	35.710943	139.462255
13215	35.683912	139.441369
13218	35.738601	139.326747
13219	35.634824	139.578699
13220	35.745332	139.426302
13221	35.785761	139.526426
13222	35.758002	139.529697
13223	35.754906	139.387425
13224	35.637006	139.446313
13225	35.637937	139.504607
13227	35.767261	139.310946
13228	35.731028	139.288283
13229	35.725499	139.538162
13303	35.771989	139.354057
13305	35.742115	139.257408
13307	35.726749	139.149150
13308	35.809514	139.096231
13361	34.750058	139.355619
13362	34.529354	139.282584
13363	34.377138	139.256556
13364	34.205371	139.134426
13381	34.075809	139.479766
13382	33.897366	139.596018
13401	33.109413	139.790927
13402	32.466537	139.763337
13421	27.094380	142.191904
14100	35.450334	139.634171
14101	35.508398	139.682386
14102	35.477051	139.629295
14103	35.453550	139.616798
14104	35.444688	139.642205
14105	35.434543	139.627540
14106	35.459854	139.596031
14107	35.402489	139.618479
14108	35.337200	139.624498
14109	35.519016	139.633199
14110	35.400104	139.533486
14111	35.400677	139.591223
14112	35.474761	139.544802
14113	35.512407	139.538013
14114	35.466338	139.499202
14115	35.364391	139.554107
14116	35.417975	139.488985
14117	35.552831	139.537094
14118	35.544937	139.571052
14130	35.530806	139.703015
14131	35.529653	139.703710
14132	35.543882	139.687349
14133	35.576258	139.655759
14134	35.599443	139.608035
14135	35.619609	139.562116
14136	35.589216	139.578583
14137	35.603769	139.505689
14150	35.571376	139.373290
14151	35.596356	139.344842
14152	35.571376	139.373270
14153	35.530342	139.430114
14201	35.281277	139.672285
14203	35.335107	139.349532
14204	35.319226	139.546688
14205	35.338941	139.491117
14206	35.264600	139.152308
14207	35.334173	139.404209
14208	35.295610	139.580424
14210	35.144178	139.620765
14211	35.374800	139.219947
14212	35.443049	139.362444
14213	35.487515	139.457952
14214	35.402985	139.314907
14215	35.446449	139.390805
14216	35.488636	139.407686
14217	35.320993	139.098819
14218	35.437177	139.426162
14301	35.272026	139.586275
14321	35.372964	139.384209
14341	35.306890	139.311320
14342	35.299495	139.255546
14361	35.330790	139.218830
14362	35.326702	139.156646
14363	35.348199	139.139338
14364	35.360631	139.083807
14366	35.336430	139.123204
14382	35.232301	139.106887
14383	35.158399	139.137234
14384	35.147931	139.108337
14401	35.528746	139.321722
14402	35.482330	139.276376
15100	37.916126	139.036413
15101	37.916284	139.218700
15102	37.936884	139.073133
15103	37.916126	139.036433
15104	37.867658	139.094024
15105	37.788360	139.114629
15106	37.765815	139.019195
15107	37.874079	138.971659
15108	37.760331	138.889263
15202	37.446626	138.851734
15204	37.636766	138.961710
15205	37.364971	138.557997
15206	37.948130	139.327358
15208	37.314348	138.795105
15209	37.666333	139.040230
15210	37.127587	138.755718
15211	37.531495	138.912733
15212	38.223987	139.480053
15213	37.685682	138.879628
15216	37.039024	137.862684
15217	37.025264	138.253492
15218	37.744481	139.182579
15222	37.147872	138.236046
15223	37.834507	139.226014
15224	38.018300	138.368147
15225	37.230102	138.961442
15226	37.065521	138.876089
15227	38.059705	139.410363
15307	37.974524	139.274386
15342	37.691005	138.855262
15361	37.698855	139.058004
15385	37.675552	139.458655
15405	37.530713	138.709370
15461	36.933995	138.816994
15482	37.014313	138.652567
15504	37.422360	138.622450
15581	38.089409	139.564971
15586	38.468210	139.254373
16201	36.695981	137.213454
16202	36.754064	137.026127
16204	36.827366	137.409195
16205	36.856050	136.972897
16206	36.764393	137.341205
16207	36.871566	137.448054
16208	36.647466	136.962171
16209	36.675530	136.868658
16210	36.557479	136.875445
16211	36.730689	137.075477
16321	36.703524	137.307377
16322	36.698428	137.362591
16323	36.663345	137.313663
16342	36.933577	137.502133
16343	36.946178	137.559874
17201	36.561050	136.656637
17202	37.043329	136.967425
17203	36.408356	136.445591
17204	37.390276	136.899127
17205	37.436367	137.260412
17206	36.302777	136.315006
17207	36.893649	136.779015
17209	36.719972	136.706672
17210	36.514426	136.565856
17211	36.437506	136.496063
17212	36.519520	136.609777
17324	36.468631	136.542289
17361	36.669166	136.728782
17365	36.653529	136.645129
17384	37.006186	136.778015
17386	36.862758	136.797582
17407	36.988889	136.901481
17461	37.231099	136.912940
17463	37.306587	137.150057
18201	36.064093	136.219586
18202	35.642463	136.058218
18204	35.495593	135.746647
18205	35.980564	136.487694
18206	36.060922	136.500550
18207	35.956509	136.184191
18208	36.211361	136.229015
18209	35.903471	136.168673
18210	36.166902	136.231289
18322	36.092356	136.299056
18382	35.890441	136.344215
18404	35.835168	136.194472
18423	35.974264	136.129767
18442	35.600555	135.940508
18481	35.490392	135.550968
18483	35.481404	135.617132
18501	35.548882	135.908385
19201	35.662124	138.568213
19202	35.487516	138.807827
19204	35.551565	138.905471
19205	35.693009	138.687113
19206	35.610474	138.940043
19207	35.708899	138.446170
19208	35.608361	138.465006
19209	35.776501	138.423539
19210	35.660829	138.515797
19211	35.647296	138.639731
19212	35.630301	139.108753
19213	35.705160	138.729267
19214	35.599643	138.517270
19346	35.565120	138.502407
19364	35.412658	138.363193
19365	35.467569	138.442489
19366	35.242272	138.486141
19368	35.561163	138.461306
19384	35.627928	138.535149
19422	35.528025	139.033430
19423	35.524082	138.846881
19424	35.460062	138.847854
19425	35.410465	138.861364
19429	35.481318	138.706610
19430	35.497297	138.754927
19442	35.760274	138.940286
19443	35.789716	138.922273
20201	36.648413	138.194318
20202	36.238096	137.971995
20203	36.402061	138.249162
20204	36.067003	138.049559
20205	35.514278	137.821514
20206	36.039175	138.113986
20207	36.651116	138.307280
20208	36.326874	138.426025
20209	35.827478	137.954084
20210	35.728867	137.933986
20211	36.742026	138.369475
20212	36.502975	137.851173
20213	36.851744	138.365504
20214	35.995555	138.158893
20215	36.114284	137.953402
20217	36.248821	138.476855
20218	36.533685	138.119787
20219	36.359549	138.330299
20220	36.303929	137.905692
20303	36.095241	138.483518
20304	35.975487	138.578608
20305	36.020907	138.492188
20306	36.036072	138.546893
20307	36.059195	138.551226
20309	36.160980	138.483428
20321	36.348310	138.596970
20323	36.322768	138.506461
20324	36.272073	138.316081
20349	36.369998	138.128701
20350	36.269929	138.258281
20361	36.069577	138.080070
20362	35.914382	138.240553
20363	35.964342	138.217721
20382	35.982501	137.987499
20383	35.915018	137.981994
20384	35.676726	137.919592
20385	35.872902	137.975025
20386	35.634539	137.946059
20388	35.768901	137.944308
20402	35.597242	137.909726
20403	35.551475	137.879038
20404	35.323901	137.816109
20407	35.443788	137.747442
20409	35.323236	137.630030
20410	35.255238	137.581796
20411	35.397495	137.785659
20412	35.271095	137.711074
20413	35.276219	137.854127
20414	35.377521	137.846023
20415	35.502677	137.893525
20416	35.551458	137.895884
20417	35.546951	138.039933
20422	35.782617	137.693324
20423	35.603481	137.608941
20425	35.936307	137.783165
20429	35.809343	137.551077
20430	35.689347	137.671596
20432	35.842455	137.691535
20446	36.456085	138.045271
20448	36.425233	137.927488
20450	36.168103	137.878972
20451	36.129000	137.866986
20452	36.402622	138.011966
20481	36.421367	137.874503
20482	36.424044	137.854560
20485	36.698069	137.861974
20486	36.779205	137.908330
20521	36.461838	138.180110
20541	36.697477	138.312151
20543	36.679770	138.363275
20561	36.744605	138.412626
20562	36.858461	138.406701
20563	36.922727	138.440461
20583	36.806378	138.206997
20588	36.617134	137.974806
20590	36.754660	138.235535
20602	36.987481	138.577359
21201	35.423153	136.760604
21202	35.359722	136.612778
21203	36.146115	137.252129
21204	35.332798	137.132117
21205	35.495773	136.917895
21206	35.487627	137.500358
21207	35.544738	136.907450
21208	35.361677	137.254575
21209	35.319956	136.703310
21210	35.449297	137.412767
21211	35.440236	137.015576
21212	35.352354	137.183009
21213	35.398810	136.848447
21214	35.426161	137.061052
21215	35.506103	136.781369
21216	35.391836	136.690894
21217	36.238189	137.186130
21218	35.482848	136.678618
21219	35.748605	136.964454
21220	35.805879	137.244062
21221	35.220577	136.636569
21302	35.389692	136.783335
21303	35.367217	136.763194
21341	35.308402	136.561463
21361	35.366250	136.537920
21362	35.365200	136.466942
21381	35.417314	136.608521
21382	35.284970	136.637193
21383	35.335397	136.665425
21401	35.487144	136.568538
21403	35.470689	136.627350
21404	35.442270	136.572955
21421	35.435730	136.684120
21501	35.426730	136.985431
21502	35.484777	136.979612
21503	35.486530	137.070575
21504	35.543748	137.119903
21505	35.476007	137.141651
21506	35.581803	137.187869
21507	35.642338	137.323584
21521	35.434493	137.130885
21604	36.270929	136.898553
22100	34.975473	138.382388
22101	34.975473	138.382388
22102	34.960728	138.404088
22103	35.015887	138.489552
22130	34.710778	137.726108
22138	34.710778	137.726108
22139	34.791740	137.783388
22140	34.872686	137.815924
22203	35.095646	138.863556
22205	35.095987	139.071546
22206	35.118518	138.918587
22207	35.222064	138.621654
22208	34.965655	139.102052
22209	34.836439	138.176044
22210	35.158095	138.679383
22211	34.717881	137.851511
22212	34.867212	138.322861
22213	34.769022	137.998691
22214	34.867470	138.256540
22215	35.308450	138.933850
22216	34.750163	137.924482
22219	34.679571	138.945379
22220	35.173808	138.906541
22221	34.718872	137.530879
22222	34.976532	138.946722
22223	34.637984	138.128125
22224	34.757743	138.084567
22225	35.027716	138.928913
22226	34.740029	138.224645
22301	34.772855	139.041328
22302	34.757018	138.987622
22304	34.652510	138.861100
22305	34.752763	138.778757
22306	34.771636	138.775286
22325	35.084353	139.000560
22341	35.099130	138.902890
22342	35.137712	138.897258
22344	35.360110	138.987317
22424	34.770870	138.251943
22429	35.046832	138.081695
22461	34.835601	137.927088
23100	35.181433	136.906421
23101	35.162605	136.977469
23102	35.179314	136.926043
23103	35.194169	136.911558
23104	35.185721	136.885867
23105	35.176884	136.870673
23106	35.168607	136.910176
23107	35.150216	136.934166
23108	35.131439	136.934953
23109	35.128372	136.910317
23110	35.141539	136.854816
23111	35.107792	136.885553
23112	35.095127	136.931212
23113	35.203343	136.976330
23114	35.070721	136.952602
23115	35.175862	137.010239
23116	35.122740	136.975049
23201	34.769199	137.391469
23202	34.954796	137.173081
23203	35.304013	136.802344
23204	35.223650	137.084160
23205	34.891794	136.937797
23206	35.247611	136.972224
23207	34.826950	137.375778
23208	35.177040	136.741236
23209	34.884723	136.993407
23210	34.989258	137.002154
23211	35.082345	137.156224
23212	34.959019	137.080612
23213	34.859146	137.065013
23214	34.826319	137.219802
23215	35.378612	136.944492
23216	34.896104	136.854517
23217	35.332083	136.870786
23219	35.290363	136.911632
23220	35.248135	136.780215
23221	34.898921	137.497856
23222	35.022976	136.902229
23223	35.011611	136.963868
23224	34.996613	136.865585
23225	35.001310	137.050990
23226	35.216743	137.035421
23227	34.927630	136.987660
23228	35.279433	136.871428
23229	35.053799	137.013069
23230	35.132037	137.039212
23231	34.668972	137.263830
23232	35.152802	136.728217
23233	35.199848	136.852934
23234	35.245656	136.865963
23235	35.110118	136.724720
23236	35.089753	137.074736
23237	35.187633	136.804352
23238	35.184123	137.048726
23302	35.096790	137.052623
23342	35.250765	136.912113
23361	35.332456	136.907856
23362	35.359140	136.913079
23424	35.175089	136.820100
23425	35.132358	136.786752
23427	35.078753	136.791267
23441	34.932896	136.915242
23442	34.976847	136.965299
23445	34.715169	136.929934
23446	34.778843	136.908251
23447	34.850970	136.914937
23501	34.864425	137.165667
23561	35.097217	137.571518
23562	35.076930	137.697833
23563	35.146394	137.719871
24201	34.718581	136.505717
24202	34.964990	136.624404
24203	34.487506	136.709286
24204	34.577902	136.527707
24205	35.062288	136.683559
24207	34.881335	136.584231
24208	34.627662	136.108299
24209	34.070799	136.190998
24210	34.855755	136.451645
24211	34.481432	136.843378
24212	33.888737	136.100296
24214	35.157993	136.516562
24215	34.328218	136.829655
24216	34.768829	136.129908
24303	35.075935	136.731069
24324	35.074320	136.583690
24341	35.020001	136.507346
24343	35.034221	136.664366
24344	35.023016	136.673827
24441	34.496189	136.546163
24442	34.547528	136.623251
24443	34.393370	136.407876
24461	34.490278	136.630918
24470	34.438900	136.622510
24471	34.358114	136.415978
24472	34.352108	136.703734
24543	34.211370	136.336605
24561	33.814505	136.048677
24562	33.734693	136.009432
25201	35.015247	135.857700
25202	35.274802	136.260033
25203	35.380602	136.278191
25204	35.128214	136.097866
25206	35.013123	135.959994
25207	35.058663	135.994020
25208	35.021553	135.997980
25209	34.966114	136.167099
25210	35.067470	136.025873
25211	35.004130	136.084650
25212	35.353052	136.035785
25213	35.112603	136.207620
25214	35.315118	136.291203
25383	35.018018	136.246023
25384	35.060922	136.124614
25425	35.169109	136.211914
25441	35.200382	136.229974
25442	35.204224	136.261350
25443	35.222035	136.292199
26100	35.011631	135.767721
26101	35.040970	135.753991
26102	35.029737	135.756709
26103	35.048698	135.778591
26104	35.009978	135.751348
26105	34.997082	135.776282
26106	34.987578	135.755468
26107	34.976756	135.746418
26108	35.010126	135.716016
26109	34.935546	135.761321
26110	34.972297	135.813625
26111	34.985027	135.693108
26201	35.296725	135.126532
26202	35.474773	135.386052
26203	35.298888	135.258803
26204	34.884270	135.799812
26205	35.535615	135.195647
26206	35.013780	135.573752
26207	34.852992	135.780059
26208	34.948741	135.698306
26209	34.926783	135.695781
26210	34.875545	135.707641
26211	34.814433	135.767699
26212	35.624245	135.060986
26213	35.107129	135.469867
26214	34.737165	135.820072
26303	34.902774	135.688476
26322	34.881437	135.732740
26343	34.798373	135.803308
26344	34.846880	135.866420
26364	34.760497	135.939380
26365	34.795726	135.904866
26366	34.760863	135.786116
26367	34.772787	135.993665
26407	35.164334	135.423204
26463	35.675172	135.272853
26465	35.565363	135.152914
27100	34.693891	135.502046
27102	34.701279	135.528090
27103	34.692357	135.472232
27104	34.683038	135.452225
27106	34.676384	135.486111
27107	34.663918	135.460611
27108	34.650417	135.472694
27109	34.657869	135.519370
27111	34.659419	135.499550
27113	34.711409	135.456202
27114	34.741313	135.529340
27115	34.669996	135.541223
27116	34.653737	135.534417
27117	34.721266	135.544142
27118	34.703255	135.544650
27119	34.638969	135.518499
27120	34.603718	135.500498
27121	34.622118	135.526612
27122	34.635058	135.494587
27123	34.721006	135.486746
27124	34.704432	135.574278
27125	34.609670	135.482717
27126	34.621160	135.545999
27127	34.705581	135.510095
27128	34.681225	135.509687
27140	34.573354	135.483020
27141	34.573374	135.483020
27142	34.528312	135.498724
27143	34.538228	135.536474
27144	34.535083	135.464014
27145	34.486444	135.490540
27146	34.565478	135.517192
27147	34.538483	135.559827
27202	34.460597	135.370871
27203	34.781239	135.469889
27204	34.821686	135.428555
27205	34.759405	135.516799
27206	34.504304	135.410423
27207	34.846100	135.617216
27208	34.437687	135.358431
27209	34.735000	135.561000
27210	34.814712	135.651216
27211	34.815928	135.568496
27212	34.626572	135.601160
27213	34.406882	135.327358
27214	34.499641	135.597271
27215	34.766079	135.628011
27216	34.457900	135.564164
27217	34.578056	135.551667
27218	34.712013	135.623471
27219	34.483655	135.423624
27220	34.826929	135.470379
27221	34.579315	135.628642
27222	34.558002	135.606226
27223	34.739145	135.586899
27224	34.777387	135.561886
27225	34.520673	135.442395
27226	34.574283	135.597476
27227	34.679324	135.600898
27228	34.366007	135.273300
27229	34.740087	135.640149
27230	34.787958	135.679978
27231	34.503718	135.555748
27232	34.359594	135.239656
27301	34.883839	135.663009
27321	34.918850	135.494096
27322	34.972445	135.414189
27341	34.487125	135.401497
27361	34.401501	135.355842
27362	34.393782	135.291176
27366	34.316910	135.142085
27381	34.518656	135.647734
27382	34.491637	135.629880
27383	34.464601	135.622531
28100	34.689495	135.195728
28101	34.720159	135.265429
28102	34.712356	135.239571
28105	34.680604	135.165383
28106	34.665686	135.150854
28107	34.650364	135.130231
28108	34.630630	135.056919
28109	34.724297	135.146289
28110	34.689693	135.194944
28111	34.720969	135.019413
28201	34.815442	134.685456
28202	34.733844	135.406386
28203	34.643109	134.997182
28204	34.738079	135.341866
28205	34.342522	134.895653
28206	34.726661	135.304181
28207	34.784294	135.400933
28208	34.803662	134.468193
28209	35.544475	134.820187
28210	34.756620	134.840900
28212	34.755226	134.390901
28213	34.982738	134.979546
28214	34.799767	135.360075
28215	34.796922	134.990188
28216	34.765921	134.790614
28217	34.830132	135.417222
28218	34.857895	134.939857
28219	34.889700	135.225050
28220	34.927811	134.841819
28221	35.075673	135.219002
28222	35.404529	134.767607
28223	35.177259	135.035816
28224	34.294603	134.779803
28225	35.339835	134.853117
28226	34.439847	134.914633
28227	35.004435	134.549377
28228	34.917370	134.973345
28229	34.857235	134.543086
28301	34.894966	135.376164
28365	35.051258	134.923693
28381	34.748627	134.913384
28382	34.715302	134.867911
28442	34.989365	134.763289
28443	34.950319	134.760245
28446	35.064255	134.739856
28464	34.833268	134.572275
28481	34.873583	134.356098
28501	35.004296	134.355771
28585	35.632103	134.629122
28586	35.623509	134.448942
29201	34.685072	135.804848
29202	34.515761	135.737459
29203	34.649368	135.782747
29204	34.596617	135.837367
29205	34.509444	135.792556
29206	34.518650	135.843248
29207	34.356264	135.695695
29208	34.463171	135.740099
29209	34.691977	135.700572
29210	34.543653	135.705219
29211	34.489158	135.726563
29212	34.528122	135.952316
29322	34.681261	136.043797
29342	34.629155	135.700711
29343	34.602016	135.694483
29344	34.608852	135.730594
29345	34.606488	135.756781
29361	34.584383	135.773871
29362	34.573636	135.773212
29363	34.556673	135.794928
29385	34.510664	136.124475
29386	34.487922	136.166015
29401	34.449488	135.793157
29402	34.471281	135.820633
29424	34.562753	135.716648
29425	34.594696	135.706705
29426	34.542740	135.750842
29427	34.578369	135.736699
29441	34.396046	135.857612
29442	34.390529	135.789798
29443	34.360951	135.791872
29444	34.309276	135.852250
29446	34.241929	135.855135
29447	34.166186	135.633061
29449	33.988504	135.792611
29450	34.005080	135.955178
29451	34.134321	136.000149
29452	34.338121	135.954303
29453	34.403541	135.968307
30201	34.230513	135.170812
30202	34.155311	135.209189
30203	34.315006	135.605314
30204	34.083104	135.127727
30205	33.890946	135.152783
30206	33.727998	135.377727
30207	33.724224	135.992525
30208	34.269538	135.362576
30209	34.256267	135.311451
30304	34.167602	135.304921
30341	34.296416	135.503802
30343	34.287314	135.562091
30344	34.216077	135.586536
30361	34.032952	135.178567
30362	34.029957	135.173072
30366	34.057488	135.216116
30381	33.893806	135.133262
30382	33.925677	135.141072
30383	33.959251	135.118187
30390	33.818370	135.218250
30391	33.772327	135.321557
30392	33.911693	135.186000
30401	33.678188	135.348108
30404	33.696352	135.428802
30406	33.550141	135.496664
30421	33.625988	135.941042
30422	33.594037	135.943964
30424	33.531990	135.814999
30427	33.932100	135.969303
30428	33.486120	135.786810
31201	35.494444	134.222166
31202	35.428136	133.330939
31203	35.430182	133.825561
31204	35.539643	133.231650
31302	35.575896	134.332087
31325	35.340149	134.400992
31328	35.265081	134.226587
31329	35.409081	134.250760
31364	35.408461	133.861742
31370	35.489915	133.864681
31371	35.495184	133.692779
31372	35.490011	133.758294
31384	35.440179	133.380808
31386	35.510779	133.496123
31389	35.340330	133.326829
31390	35.385230	133.407384
31401	35.163266	133.306236
31402	35.240741	133.442739
31403	35.284006	133.486406
32201	35.468039	133.048527
32202	34.899244	132.079796
32203	35.367081	132.754831
32204	34.674814	131.842862
32205	35.192203	132.499151
32206	35.431451	133.250851
32207	35.011500	132.218000
32209	35.307700	132.900300
32343	35.197433	133.002548
32386	34.998678	132.713278
32441	34.995222	132.495818
32448	35.076758	132.591006
32449	34.893978	132.437804
32501	34.543681	131.838286
32505	34.353494	131.935108
32525	36.096565	133.096697
32526	36.093226	132.994401
32527	36.013914	133.039565
32528	36.209064	133.321800
33100	34.655136	133.919450
33101	34.655499	133.919770
33102	34.670429	133.943065
33103	34.651206	134.029448
33104	34.599950	133.919139
33202	34.584673	133.772237
33203	35.069131	134.004345
33204	34.492000	133.946000
33205	34.507184	133.507438
33207	34.597682	133.463675
33208	34.672810	133.746531
33209	34.791026	133.616733
33210	34.977058	133.470345
33211	34.745129	134.188137
33212	34.664893	134.092849
33213	34.755396	134.018848
33214	35.087614	133.691335
33215	35.008594	134.148578
33216	34.527834	133.584911
33346	34.802876	134.157439
33423	34.600806	133.828309
33445	34.513817	133.556845
33461	34.627596	133.587085
33586	35.179367	133.567638
33606	35.091832	133.932852
33622	35.041829	134.116163
33623	35.123001	134.177297
33643	35.171331	134.336275
33663	34.929226	133.960819
33666	34.998040	133.958050
33681	34.863404	133.693500
34100	34.385258	132.455375
34101	34.386289	132.454995
34102	34.395334	132.482482
34103	34.379906	132.469074
34104	34.393970	132.434446
34105	34.451849	132.471641
34106	34.518282	132.507633
34107	34.371755	132.525542
34108	34.364455	132.360823
34202	34.248775	132.565505
34203	34.341794	132.907091
34204	34.397470	133.078525
34205	34.408891	133.204966
34207	34.485927	133.362340
34208	34.568463	133.236429
34209	34.805627	132.851790
34210	34.857743	133.017264
34211	34.237724	132.222268
34212	34.426787	132.743746
34213	34.348225	132.331587
34214	34.666269	132.703885
34215	34.222941	132.443794
34302	34.392589	132.504544
34304	34.372221	132.536101
34307	34.335783	132.584604
34309	34.341282	132.513639
34368	34.576561	132.227418
34369	34.674544	132.538413
34431	34.269782	132.914686
34462	34.587005	133.056932
34545	34.703603	133.251407
35201	33.957828	130.941459
35202	33.951623	131.246761
35203	34.178178	131.473511
35204	34.408107	131.399104
35206	34.051490	131.562398
35207	34.015038	131.870317
35208	34.166571	132.218901
35210	33.961921	131.942284
35211	34.370959	131.182198
35212	33.963839	132.101597
35213	34.166370	131.206070
35215	34.051687	131.808724
35216	34.003051	131.181856
35305	33.927628	132.195320
35321	34.202368	132.220396
35341	33.831535	132.109713
35343	33.954677	132.041366
35344	33.937969	132.073057
35502	34.503352	131.471360
36201	34.070234	134.554713
36202	34.172540	134.608740
36203	34.004713	134.590603
36204	33.921935	134.659508
36205	34.066347	134.358662
36206	34.102182	134.297437
36207	34.053387	134.169725
36208	34.026045	133.807190
36301	33.931453	134.511251
36302	33.888956	134.401833
36321	33.993161	134.453294
36341	34.074263	134.440629
36342	33.967270	134.350420
36368	33.857497	134.496736
36383	33.668096	134.420700
36387	33.734548	134.535405
36388	33.602003	134.351979
36401	34.133849	134.580537
36402	34.125668	134.547012
36403	34.126796	134.495112
36404	34.144365	134.462618
36405	34.122084	134.404807
36468	34.037329	134.064099
36489	34.036555	133.937112
37201	34.342600	134.046537
37202	34.289482	133.797716
37203	34.316675	133.860297
37204	34.227198	133.787147
37205	34.127370	133.661597
37206	34.325210	134.171989
37207	34.243803	134.358837
37208	34.182645	133.715103
37322	34.486667	134.188611
37324	34.479707	134.308266
37341	34.268191	134.134452
37364	34.459991	133.995597
37386	34.310301	133.825566
37387	34.249613	133.923099
37403	34.191420	133.823303
37404	34.272650	133.758521
37406	34.192342	133.841357
38201	33.839212	132.765579
38202	34.066097	132.997867
38203	33.223340	132.560563
38204	33.462923	132.423174
38205	33.960329	133.283379
38206	33.919615	133.181186
38207	33.506285	132.544514
38210	33.757461	132.703778
38213	33.980694	133.549188
38214	33.363017	132.510967
38215	33.791027	132.872299
38356	34.257455	133.204529
38386	33.655606	132.901671
38401	33.787479	132.711364
38402	33.749260	132.792233
38422	33.532937	132.658093
38442	33.488593	132.353998
38484	33.227150	132.710935
38488	33.255792	132.684032
38506	32.962043	132.583220
39201	33.558788	133.531166
39202	33.289955	134.151981
39203	33.502416	133.907074
39204	33.575548	133.641421
39205	33.496012	133.425326
39206	33.397720	133.285743
39208	32.939014	132.726269
39209	32.781603	132.955100
39210	32.991698	132.933905
39211	33.564124	133.700543
39212	33.603743	133.686148
39301	33.527976	134.279968
39302	33.424195	134.020905
39303	33.427713	134.008209
39304	33.438601	133.981080
39305	33.447836	134.042053
39306	33.555446	134.048475
39307	33.526915	133.808942
39341	33.757028	133.591481
39344	33.768520	133.642979
39363	33.736896	133.532107
39364	33.784045	133.466569
39386	33.548679	133.427766
39387	33.575248	133.171157
39401	33.329277	133.224805
39402	33.500828	133.286669
39403	33.532875	133.252173
39405	33.392281	132.926978
39410	33.534833	133.373342
39411	33.446666	133.199377
39412	33.211769	133.137010
39424	32.841534	132.707092
39427	32.905972	132.847726
39428	33.024952	133.004162
40100	33.883368	130.874441
40101	33.941258	130.959546
40103	33.905479	130.811298
40105	33.893264	130.830180
40106	33.880910	130.873361
40107	33.846545	130.884808
40108	33.863822	130.811905
40109	33.866408	130.764297
40130	33.590322	130.401728
40131	33.617744	130.417363
40132	33.591430	130.414753
40133	33.589240	130.392800
40134	33.561566	130.426340
40135	33.582824	130.323161
40136	33.575709	130.369971
40137	33.581944	130.348409
40202	33.030248	130.446058
40203	33.319294	130.508350
40204	33.744181	130.729652
40205	33.646575	130.691133
40206	33.638760	130.806298
40207	33.163082	130.405820
40210	33.211952	130.557912
40211	33.212246	130.502151
40212	33.206914	130.384035
40213	33.728906	130.982856
40214	33.611538	131.129941
40215	33.816699	130.709026
40216	33.396425	130.555539
40217	33.488319	130.525473
40218	33.532749	130.470222
40219	33.536214	130.478838
40220	33.805552	130.538489
40221	33.512835	130.523876
40223	33.728795	130.469985
40224	33.766897	130.491038
40225	33.347482	130.754848
40226	33.723684	130.667385
40227	33.563283	130.711510
40228	33.423412	130.665573
40229	33.152434	130.474734
40230	33.557450	130.195500
40231	33.499580	130.422180
40341	33.567768	130.511208
40342	33.623869	130.526207
40343	33.591432	130.479765
40344	33.587268	130.507234
40345	33.715311	130.446596
40348	33.646726	130.499906
40349	33.610824	130.480348
40381	33.893891	130.663800
40382	33.854850	130.694783
40383	33.853491	130.611749
40384	33.848166	130.668341
40401	33.692418	130.712691
40402	33.792112	130.674008
40421	33.578889	130.678118
40447	33.457196	130.595630
40448	33.397314	130.869919
40503	33.372392	130.622518
40522	33.210506	130.439730
40544	33.241499	130.551416
40601	33.668006	130.847401
40602	33.571816	130.854088
40604	33.652736	130.778958
40605	33.599956	130.814915
40608	33.612164	130.853742
40609	33.616692	130.870855
40610	33.683206	130.780118
40621	33.776006	130.980475
40625	33.699236	130.920095
40642	33.602643	131.175951
40646	33.578425	131.164207
40647	33.653129	131.058166
41201	33.260430	130.302743
41202	33.450115	129.968131
41203	33.377757	130.506244
41204	33.288531	130.109390
41205	33.264741	129.880703
41206	33.194732	130.021487
41207	33.104159	130.098084
41208	33.273753	130.216797
41209	33.128092	130.060120
41210	33.311635	130.371701
41327	33.321168	130.398753
41341	33.426944	130.523052
41345	33.319653	130.426218
41346	33.324943	130.454590
41387	33.472251	129.874831
41401	33.210577	129.849011
41423	33.213871	130.116033
41424	33.220464	130.157311
41425	33.181082	130.143469
41441	33.019436	130.179126
42201	32.750310	129.877905
42202	33.179858	129.715084
42203	32.788250	130.370808
42204	32.843390	130.053370
42205	32.900076	129.958509
42207	33.368309	129.553661
42208	33.341023	129.709047
42209	34.202705	129.287662
42210	33.749978	129.691377
42211	32.695500	128.840891
42212	32.932901	129.642894
42213	32.835235	130.187382
42214	32.659683	130.297885
42307	32.825188	129.875028
42308	32.829063	129.848511
42321	33.037000	129.917200
42322	33.072688	129.861529
42323	33.137951	129.895630
42383	33.191017	129.058839
42391	33.238408	129.650295
42411	32.984558	129.073288
43100	32.803078	130.707897
43101	32.787298	130.711871
43102	32.780558	130.768086
43103	32.776370	130.647700
43104	32.715354	130.678922
43105	32.903938	130.695297
43202	32.507412	130.601888
43203	32.210038	130.762554
43204	32.986838	130.433036
43205	32.211883	130.408725
43206	32.928141	130.559619
43208	33.017782	130.691165
43210	32.979485	130.813241
43211	32.687379	130.658973
43212	32.587422	130.430404
43213	32.648379	130.684498
43214	32.952292	131.121256
43215	32.458882	130.193263
43216	32.885996	130.789726
43348	32.622002	130.868997
43364	32.918877	130.628212
43367	33.061535	130.541219
43368	32.929756	130.452700
43369	32.974756	130.608150
43403	32.878990	130.868284
43404	32.862515	130.828654
43423	33.098192	131.070724
43424	33.121588	131.068157
43425	32.995747	131.216799
43428	32.827282	131.121905
43432	32.834719	130.903036
43433	32.845140	131.017680
43441	32.714585	130.801821
43442	32.740237	130.757345
43443	32.791397	130.816418
43444	32.651356	130.811466
43447	32.685337	130.990218
43468	32.582402	130.673753
43482	32.299102	130.493119
43484	32.233912	130.439621
43501	32.200987	130.840902
43505	32.264039	130.935795
43506	32.276144	130.980987
43507	32.314379	131.009541
43510	32.235280	130.797985
43511	32.396926	130.827880
43512	32.246465	130.767136
43513	32.252621	130.651274
43514	32.240321	130.897827
43531	32.513413	130.054720
44201	33.239526	131.609377
44202	33.284642	131.491328
44203	33.598448	131.187399
44204	33.321041	130.941310
44205	32.959790	131.900070
44206	33.125948	131.804638
44207	33.072311	131.861225
44208	32.973858	131.397919
44209	33.556132	131.447131
44210	33.417029	131.616089
44211	33.532360	131.350280
44212	32.978152	131.585011
44213	33.180210	131.426720
44214	33.563365	131.732382
44322	33.724468	131.645515
44341	33.369442	131.532536
44461	33.228532	131.188805
44462	33.283135	131.151553
45201	31.907661	131.420673
45202	31.719519	131.061497
45203	32.582147	131.665028
45204	31.602185	131.378988
45205	31.996689	130.972717
45206	32.422488	131.624422
45207	31.464810	131.228450
45208	32.108562	131.401266
45209	32.045347	130.810841
45341	31.730686	131.124920
45361	31.928413	131.007870
45382	31.990646	131.323535
45383	31.999135	131.253182
45401	32.127990	131.503341
45402	32.068937	131.487984
45403	32.226354	131.154452
45404	32.163784	131.473354
45405	32.192043	131.525933
45406	32.256434	131.559690
45421	32.469790	131.648722
45429	32.512184	131.330319
45430	32.466716	131.157537
45431	32.440256	131.423106
45441	32.711651	131.307871
45442	32.653825	131.388112
45443	32.684439	131.198381
46201	31.596775	130.557215
46203	31.378071	130.852584
46204	31.272922	130.296991
46206	32.014364	130.192622
46208	32.090633	130.353222
46210	31.252805	130.633118
46213	30.732453	130.997035
46214	31.492724	130.701027
46215	31.813486	130.303950
46216	31.633709	130.402436
46217	31.653629	131.019398
46218	31.741035	130.763136
46219	31.714562	130.271934
46220	31.416570	130.323494
46221	31.495365	131.045533
46222	28.377273	129.493780
46223	31.378251	130.441623
46224	32.057152	130.612934
46225	31.728213	130.627758
46303	31.594533	130.560735
46304	31.593157	130.560588
46392	31.906331	130.455340
46404	32.199320	130.176919
46452	31.951654	130.721025
46468	31.429102	131.005592
46482	31.385790	130.973339
46490	31.243572	130.787485
46491	31.217225	130.768061
46492	31.344362	130.945223
46501	30.532986	130.958545
46502	30.413972	130.900914
46505	30.371155	130.665043
46523	28.358076	129.395262
46524	28.280773	129.297208
46525	28.146484	129.314734
46527	28.413279	129.589114
46529	28.317226	129.939834
46530	27.726621	129.018504
46531	27.811660	128.897749
46532	27.673583	128.937584
46533	27.392293	128.655491
46534	27.333789	128.574061
46535	27.044977	128.421634
47201	26.212312	127.679187
47205	26.281467	127.778334
47207	24.344502	124.185252
47208	26.245787	127.721828
47209	26.591554	127.977474
47210	26.123542	127.665824
47211	26.334191	127.805540
47212	26.177128	127.681207
47213	26.379231	127.857100
47214	24.790099	125.294847
47215	26.179107	127.775272
47301	26.745737	128.178269
47302	26.702185	128.119118
47303	26.633270	128.156775
47306	26.682530	127.972741
47308	26.657596	127.897831
47311	26.497479	127.853643
47313	26.481695	127.975628
47314	26.456208	127.926044
47315	26.713490	127.807014
47324	26.396097	127.744420
47325	26.361723	127.755381
47326	26.320210	127.763780
47327	26.301019	127.793108
47328	26.267241	127.790370
47329	26.222999	127.758885
47348	26.199502	127.754794
47350	26.191192	127.728564
47353	26.197331	127.364289
47354	26.228949	127.303205
47355	26.582506	127.228520
47356	26.372110	127.141122
47357	25.828809	131.232077
47358	25.945712	131.298917
47359	27.039169	127.968620
47360	26.928305	127.941226
47361	26.340669	126.805021
47362	26.158177	127.718706
47375	24.669449	124.701693
47381	24.339500	124.154600
47382	24.468034	123.004496
